AvgTimeRepulsiveForce,Temperature,NumNodes,Iteration,NumEdges,Elapsed,TimeDisperse,TimeAttractiveForces,Memory,TimeTraverseAccel,TimeRepulsiveForce,kValue,TimeBuildAccel,TimeCopyBack
0.136846,26.1,68200,1,101102,0.136846,0.00117258,0.00133325,0.0,0.135505,0.136846,0.999421,0.000708864,0.00010368
0.140431,26.0739,68200,2,101102,0.144016,0.00123187,0.00120317,0.0,0.142779,0.144016,0.999421,0.00212371,0.000104864
