AvgTimeRepulsiveForce,Temperature,NumNodes,Iteration,NumEdges,Elapsed,TimeDisperse,TimeAttractiveForces,Memory,TimeTraverseAccel,TimeRepulsiveForce,kValue,TimeBuildAccel,TimeCopyBack
0.0033712,3.1,1023,1,1022,0.0033712,0.00123091,0.00134294,0.0,0.00212397,0.0033712,0.969223,1.0336e-05,1.664e-05
0.00507371,3.0969,1023,2,1022,0.00677622,0.00125936,0.00115302,0.0,0.00562237,0.00677622,0.969223,0.00250768,1.0368e-05
