AvgTimeRepulsiveForce,Temperature,NumNodes,Iteration,NumEdges,Elapsed,TimeDisperse,TimeAttractiveForces,Memory,TimeTraverseAccel,TimeRepulsiveForce,kValue,TimeBuildAccel,TimeCopyBack
0.00170006,6.3,4095,1,4094,0.00170006,0.00131546,0.00125261,0.249912109375,0.000507808,0.00170006,0.984495,0.000285056,1.6032e-05
0.00843453,6.29371,4095,2,4094,0.015169,0.0011512,0.00115466,0.249912109375,0.0139228,0.015169,0.984495,0.0116064,1.9904e-05
