AvgTimeRepulsiveForce,Temperature,NumNodes,Iteration,NumEdges,Elapsed,TimeDisperse,TimeAttractiveForces,Memory,TimeTraverseAccel,TimeRepulsiveForce,kValue,TimeBuildAccel,TimeCopyBack
0.0123682,9.0,8191,1,8190,0.0123682,0.00136864,0.00115507,0.3905078125,0.0110343,0.0123682,0.99443,0.00613139,2.6752e-05
0.0114691,8.99101,8191,2,8190,0.01057,0.00139059,0.00140298,0.3905078125,0.00912214,0.01057,0.99443,0.00760477,2.4544e-05
