AvgTimeRepulsiveForce,Temperature,NumNodes,Iteration,NumEdges,Elapsed,TimeDisperse,TimeAttractiveForces,Memory,TimeTraverseAccel,TimeRepulsiveForce,kValue,TimeBuildAccel,TimeCopyBack
0.00162154,3.1,1023,1,1022,0.00162154,0.00135843,0.00125338,0.062412109375,0.000450688,0.00162154,0.969223,0.000266112,1.7024e-05
0.00816221,3.0969,1023,2,1022,0.0147029,0.00123488,0.00124314,0.062412109375,0.0135502,0.0147029,0.969223,0.0117522,1.088e-05
