AvgTimeRepulsiveForce,Temperature,NumNodes,Iteration,NumEdges,Elapsed,TimeDisperse,TimeAttractiveForces,Memory,TimeTraverseAccel,TimeRepulsiveForce,kValue,TimeBuildAccel,TimeCopyBack
0.0116859,3.1,1023,1,1022,0.0116859,0.00133341,0.00130381,0.052216796875,0.010444,0.0116859,0.969223,0.00561766,1.5744e-05
0.011269,3.0969,1023,2,1022,0.0108521,0.00115088,0.00115174,0.052216796875,0.00940006,0.0108521,0.969223,0.00777178,1.6128e-05
