AvgTimeRepulsiveForce,Temperature,NumNodes,Iteration,NumEdges,Elapsed,TimeDisperse,TimeAttractiveForces,Memory,TimeTraverseAccel,TimeRepulsiveForce,kValue,TimeBuildAccel,TimeCopyBack
0.0120105,18.1,32767,1,32766,0.0120105,0.00138678,0.00138419,1.55,0.0108616,0.0120105,0.999908,0.00677178,5.6448e-05
0.0118878,18.0819,32767,2,32766,0.0117652,0.0012095,0.00122755,1.55,0.0103582,0.0117652,0.999908,0.00866858,4.9184e-05
