AvgTimeRepulsiveForce,Temperature,NumNodes,Iteration,NumEdges,Elapsed,TimeDisperse,TimeAttractiveForces,Memory,TimeTraverseAccel,TimeRepulsiveForce,kValue,TimeBuildAccel,TimeCopyBack
0.0205078,12.7,16383,1,16382,0.0205078,0.00126771,0.00116202,0.0,0.0192769,0.0205078,0.992218,0.000951392,2.9984e-05
0.0205616,12.6873,16383,2,16382,0.0206153,0.00141158,0.00117514,0.0,0.0193701,0.0206153,0.992218,0.0023929,3.7472e-05
