AvgTimeRepulsiveForce,Temperature,NumNodes,Iteration,NumEdges,Elapsed,TimeDisperse,TimeAttractiveForces,Memory,TimeTraverseAccel,TimeRepulsiveForce,kValue,TimeBuildAccel,TimeCopyBack
0.011613,18.1,32767,1,32766,0.011613,0.00126586,0.0013264,2.0,0.0102693,0.011613,0.999908,0.0087049,5.1008e-05
0.021364,18.0819,32767,2,32766,0.0311149,0.000112704,0.0013312,2.0,0.0296067,0.0311149,0.999908,0.00767702,5.28e-05
