AvgTimeRepulsiveForce,Temperature,NumNodes,Iteration,NumEdges,Elapsed,TimeDisperse,TimeAttractiveForces,Memory,TimeTraverseAccel,TimeRepulsiveForce,kValue,TimeBuildAccel,TimeCopyBack
0.0376119,18.1,32767,1,32766,0.0376119,0.00115254,0.00115472,0.0,0.0362414,0.0376119,0.999908,0.00104003,5.3024e-05
0.0352527,18.0819,32767,2,32766,0.0328934,0.0012351,0.00123139,0.0,0.0316725,0.0328934,0.999908,0.00106512,5.712e-05
