AvgTimeRepulsiveForce,Temperature,NumNodes,Iteration,NumEdges,Elapsed,TimeDisperse,TimeAttractiveForces,Memory,TimeTraverseAccel,TimeRepulsiveForce,kValue,TimeBuildAccel,TimeCopyBack
0.0105738,9.0,8191,1,8190,0.0105738,0.001152,0.00115302,0.0,0.00931702,0.0105738,0.99443,1.0784e-05,2.7968e-05
0.011836,8.99101,8191,2,8190,0.0130981,0.00134122,0.00123226,0.0,0.0118755,0.0130981,0.99443,0.00232374,2.2912e-05
