AvgTimeRepulsiveForce,Temperature,NumNodes,Iteration,NumEdges,Elapsed,TimeDisperse,TimeAttractiveForces,Memory,TimeTraverseAccel,TimeRepulsiveForce,kValue,TimeBuildAccel,TimeCopyBack
0.00172355,4.5,2047,1,2046,0.00172355,0.00139059,0.00132038,0.124912109375,0.000487424,0.00172355,0.994612,0.00027648,1.28e-05
0.00813107,4.4955,2047,2,2046,0.0145386,0.00115539,0.00125338,0.124912109375,0.0133879,0.0145386,0.994612,0.0113692,1.2096e-05
