AvgTimeRepulsiveForce,Temperature,NumNodes,Iteration,NumEdges,Elapsed,TimeDisperse,TimeAttractiveForces,Memory,TimeTraverseAccel,TimeRepulsiveForce,kValue,TimeBuildAccel,TimeCopyBack
0.00277558,12.7,16383,1,16382,0.00277558,0.00136582,0.00128077,0.999912109375,0.0015535,0.00277558,0.992218,0.0013055,3.2992e-05
0.0135498,12.6873,16383,2,16382,0.024324,0.00120282,0.00124928,0.999912109375,0.0231689,0.024324,0.992218,0.0112086,3.488e-05
