AvgTimeRepulsiveForce,Temperature,NumNodes,Iteration,NumEdges,Elapsed,TimeDisperse,TimeAttractiveForces,Memory,TimeTraverseAccel,TimeRepulsiveForce,kValue,TimeBuildAccel,TimeCopyBack
0.00406528,4.5,2047,1,2046,0.00406528,0.00115654,0.00115552,0.0,0.00291549,0.00406528,0.994612,1.024e-05,1.9936e-05
0.00558992,4.4955,2047,2,2046,0.00711456,0.0012329,0.00120141,0.0,0.00596378,0.00711456,0.994612,0.00226224,1.7248e-05
