AvgTimeRepulsiveForce,Temperature,NumNodes,Iteration,NumEdges,Elapsed,TimeDisperse,TimeAttractiveForces,Memory,TimeTraverseAccel,TimeRepulsiveForce,kValue,TimeBuildAccel,TimeCopyBack
0.0103231,4.5,2047,1,2046,0.0103231,0.00117146,0.00115344,0.10052734375,0.0091256,0.0103231,0.994612,0.00520192,1.3952e-05
0.0103978,4.4955,2047,2,2046,0.0104724,0.00121856,0.00124499,0.10052734375,0.00932352,0.0104724,0.994612,0.00772368,1.4144e-05
