AvgTimeRepulsiveForce,Temperature,NumNodes,Iteration,NumEdges,Elapsed,TimeDisperse,TimeAttractiveForces,Memory,TimeTraverseAccel,TimeRepulsiveForce,kValue,TimeBuildAccel,TimeCopyBack
0.0085159,25.5,65535,1,65534,0.0085159,0.00115917,0.00116,4.0,0.00727302,0.0085159,0.996101,0.00521056,0.000100448
0.0351115,25.4745,65535,2,65534,0.061707,0.00123933,0.00139814,4.0,0.0604782,0.061707,0.996101,0.0108943,9.8272e-05
