AvgTimeRepulsiveForce,Temperature,NumNodes,Iteration,NumEdges,Elapsed,TimeDisperse,TimeAttractiveForces,Memory,TimeTraverseAccel,TimeRepulsiveForce,kValue,TimeBuildAccel,TimeCopyBack
0.392287,36.2,131071,1,131070,0.392287,0.00120454,0.00123904,0.0,0.391032,0.392287,0.999897,0.000806176,0.000192608
0.390098,36.1638,131071,2,131070,0.38791,0.00124109,0.00119277,0.0,0.386727,0.38791,0.999897,0.00163888,0.00019184
