AvgTimeRepulsiveForce,Temperature,NumNodes,Iteration,NumEdges,Elapsed,TimeDisperse,TimeAttractiveForces,Memory,TimeTraverseAccel,TimeRepulsiveForce,kValue,TimeBuildAccel,TimeCopyBack
0.00012288,1.1,127,1,126,0.00012288,8.192e-06,9.952e-06,0.0,0.000117952,0.00012288,0.976092,9.12e-06,1.5872e-05
0.00134027,1.0989,127,2,126,0.00255766,0.00122506,0.0012329,0.0,0.00132368,0.00255766,0.976092,2.0864e-05,8.16e-06
