AvgTimeRepulsiveForce,Temperature,NumNodes,Iteration,NumEdges,Elapsed,TimeDisperse,TimeAttractiveForces,Memory,TimeTraverseAccel,TimeRepulsiveForce,kValue,TimeBuildAccel,TimeCopyBack
0.010281,2.2,511,1,510,0.010281,0.00133002,0.00118381,0.028046875,0.00880758,0.010281,0.973223,0.00533914,1.4528e-05
0.0105253,2.1978,511,2,510,0.0107697,0.00135373,0.00129434,0.028046875,0.0093441,0.0107697,0.973223,0.0078409,9.792e-06
