AvgTimeRepulsiveForce,Temperature,NumNodes,Iteration,NumEdges,Elapsed,TimeDisperse,TimeAttractiveForces,Memory,TimeTraverseAccel,TimeRepulsiveForce,kValue,TimeBuildAccel,TimeCopyBack
0.00673443,6.3,4095,1,4094,0.00673443,0.00124102,0.0012337,0.0,0.00549744,0.00673443,0.984495,8.672e-06,1.9136e-05
0.00813802,6.29371,4095,2,4094,0.0095416,0.00121242,0.00125338,0.0,0.00838838,0.0095416,0.984495,0.0024081,1.8688e-05
