AvgTimeRepulsiveForce,Temperature,NumNodes,Iteration,NumEdges,Elapsed,TimeDisperse,TimeAttractiveForces,Memory,TimeTraverseAccel,TimeRepulsiveForce,kValue,TimeBuildAccel,TimeCopyBack
0.0003472,2.2,511,1,510,0.0003472,8.096e-06,9.76e-06,0.031162109375,0.0003416,0.0003472,0.973223,0.00023952,1.4752e-05
0.00723296,2.1978,511,2,510,0.0141187,0.00135379,0.00136192,0.031162109375,0.0128514,0.0141187,0.973223,0.01124,8.48e-06
