AvgTimeRepulsiveForce,Temperature,NumNodes,Iteration,NumEdges,Elapsed,TimeDisperse,TimeAttractiveForces,Memory,TimeTraverseAccel,TimeRepulsiveForce,kValue,TimeBuildAccel,TimeCopyBack
0.00174899,9.0,8191,1,8190,0.00174899,0.00137434,0.0012721,0.499912109375,0.000540672,0.00174899,0.99443,0.000306432,2.6912e-05
0.00865032,8.99101,8191,2,8190,0.0155516,0.00122893,0.00122163,0.499912109375,0.0143722,0.0155516,0.99443,0.0114774,2.096e-05
