AvgTimeRepulsiveForce,Temperature,NumNodes,Iteration,NumEdges,Elapsed,TimeDisperse,TimeAttractiveForces,Memory,TimeTraverseAccel,TimeRepulsiveForce,kValue,TimeBuildAccel,TimeCopyBack
0.0104943,6.3,4095,1,4094,0.0104943,0.0013271,0.00126019,0.1971484375,0.0093065,0.0104943,0.984495,0.00540486,2.272e-05
0.0105533,6.29371,4095,2,4094,0.0106123,0.00147267,0.00125331,0.1971484375,0.00936096,0.0106123,0.984495,0.00774531,1.5168e-05
