AvgTimeRepulsiveForce,Temperature,NumNodes,Iteration,NumEdges,Elapsed,TimeDisperse,TimeAttractiveForces,Memory,TimeTraverseAccel,TimeRepulsiveForce,kValue,TimeBuildAccel,TimeCopyBack
0.0120421,12.7,16383,1,16382,0.0120421,0.00151376,0.00135018,0.7772265625,0.0108927,0.0120421,0.992218,0.00706506,3.504e-05
0.0116338,12.6873,16383,2,16382,0.0112254,0.0012759,0.00128045,0.7772265625,0.00983523,0.0112254,0.992218,0.00823597,3.7312e-05
