AvgTimeRepulsiveForce,Temperature,NumNodes,Iteration,NumEdges,Elapsed,TimeDisperse,TimeAttractiveForces,Memory,TimeTraverseAccel,TimeRepulsiveForce,kValue,TimeBuildAccel,TimeCopyBack
0.00171827,2.2,511,1,510,0.00171827,0.00132672,0.00131155,0.0,0.00036864,0.00171827,0.973223,9.472e-06,1.0144e-05
0.00423792,2.1978,511,2,510,0.00675757,0.00132323,0.00134144,0.0,0.00550214,0.00675757,0.973223,0.00261654,1.3888e-05
