AvgTimeRepulsiveForce,Temperature,NumNodes,Iteration,NumEdges,Elapsed,TimeDisperse,TimeAttractiveForces,Memory,TimeTraverseAccel,TimeRepulsiveForce,kValue,TimeBuildAccel,TimeCopyBack
0.00581712,25.5,65535,1,65534,0.00581712,0.00137024,0.00137584,3.1,0.00458157,0.00581712,0.996101,0.00211862,0.000101664
0.00889722,25.4745,65535,2,65534,0.0119773,0.00118528,0.00117283,3.1,0.0107997,0.0119773,0.996101,0.00922003,9.9296e-05
